City_ID,City,Country,Date,Lat,Lng,Max Temp,Humidity,Cloudiness,Wind Speed,Weather Description
0,Hobart,AU,2020-11-07 18:29:16,-42.88,147.33,42.01,86,0,9.17,clear sky
1,Saint-Philippe,RE,2020-11-07 18:31:51,-21.36,55.77,73.4,78,75,17.22,broken clouds
2,Thompson,CA,2020-11-07 18:31:51,55.74,-97.86,17.6,85,90,2.24,light snow
3,Gorin,RU,2020-11-07 18:31:51,51.2,136.67,19.67,90,100,5.86,overcast clouds
4,New Norfolk,AU,2020-11-07 18:31:13,-42.78,147.06,42.01,72,6,2.57,clear sky
5,Bredasdorp,ZA,2020-11-07 18:31:51,-34.53,20.04,60.8,72,0,9.17,clear sky
6,Biak,ID,2020-11-07 18:31:52,-0.91,122.88,77.5,74,92,6.02,light rain
7,Hasaki,JP,2020-11-07 18:29:27,35.73,140.83,59.0,93,75,4.7,mist
8,Kirakira,SB,2020-11-07 18:31:52,-10.45,161.92,78.84,82,42,5.12,light rain
9,Rikitea,PF,2020-11-07 18:31:52,-23.12,-134.97,71.24,74,53,19.42,broken clouds
10,Ponta Do Sol,PT,2020-11-07 18:31:03,32.67,-17.1,68.0,64,40,6.93,scattered clouds
11,Jamestown,US,2020-11-07 18:31:52,42.1,-79.24,66.99,42,1,9.17,clear sky
12,Qinhuangdao,CN,2020-11-07 18:31:52,39.93,119.59,38.19,52,0,6.2,clear sky
13,Albany,US,2020-11-07 18:30:02,42.6,-73.97,71.01,38,100,2.44,overcast clouds
14,Hermanus,ZA,2020-11-07 18:31:09,-34.42,19.23,64.99,56,0,11.99,clear sky
15,Avarua,CK,2020-11-07 18:31:53,-21.21,-159.78,73.4,88,100,2.24,overcast clouds
16,East London,ZA,2020-11-07 18:31:53,-33.02,27.91,71.6,83,0,9.17,clear sky
17,Tiksi,RU,2020-11-07 18:31:53,71.69,128.87,-8.07,91,0,1.9,clear sky
18,Porto Novo,BJ,2020-11-07 18:31:53,6.5,2.6,80.6,83,40,10.29,scattered clouds
19,Punta Arenas,CL,2020-11-07 18:31:00,-53.15,-70.92,59.0,51,75,21.92,broken clouds
20,Ancud,CL,2020-11-07 18:31:54,-41.87,-73.82,64.4,55,0,9.17,clear sky
21,Sampit,ID,2020-11-07 18:31:54,-2.53,112.95,75.22,96,79,1.07,heavy intensity rain
22,Ushuaia,AR,2020-11-07 18:31:05,-54.8,-68.3,60.8,41,75,23.04,broken clouds
23,Ahipara,NZ,2020-11-07 18:31:54,-35.17,173.17,61.7,85,91,11.56,overcast clouds
24,Kurilsk,RU,2020-11-07 18:31:54,45.23,147.88,46.04,89,95,1.88,overcast clouds
25,Severo-Kurilsk,RU,2020-11-07 18:31:29,50.68,156.12,34.57,82,0,3.29,clear sky
26,San Cristobal,VE,2020-11-07 18:28:08,7.77,-72.22,84.2,70,40,16.11,scattered clouds
27,Zhangye,CN,2020-11-07 18:31:55,38.93,100.45,41.04,48,0,6.82,clear sky
28,Kapaa,US,2020-11-07 18:31:01,22.08,-159.32,78.8,88,40,8.05,scattered clouds
29,Rabo De Peixe,PT,2020-11-07 18:31:55,37.8,-25.58,62.6,63,40,11.41,scattered clouds
30,Caravelas,BR,2020-11-07 18:31:55,-17.71,-39.25,81.12,69,0,8.39,moderate rain
31,Salalah,OM,2020-11-07 18:31:55,17.02,54.09,77.0,61,0,4.7,clear sky
32,Katsuura,JP,2020-11-07 18:31:56,35.13,140.3,62.01,72,75,4.7,broken clouds
33,Nanortalik,GL,2020-11-07 18:31:49,60.14,-45.24,32.41,90,100,6.42,overcast clouds
34,Kyzyl-Suu,KG,2020-11-07 18:31:56,42.34,78.01,40.08,54,0,9.15,clear sky
35,Takoradi,GH,2020-11-07 18:31:56,4.88,-1.76,79.23,86,96,8.14,light rain
36,Rundu,NA,2020-11-07 18:31:56,-17.93,19.77,85.17,26,0,6.2,clear sky
37,Am Timan,TD,2020-11-07 18:31:56,11.03,20.28,82.13,31,10,4.92,clear sky
38,Hilo,US,2020-11-07 18:31:56,19.73,-155.09,75.2,88,90,5.82,moderate rain
39,Norman Wells,CA,2020-11-07 18:31:27,65.28,-126.83,21.2,92,75,3.36,light snow
40,Zelenogorskiy,RU,2020-11-07 18:31:57,55.03,87.0,37.4,74,0,11.18,clear sky
41,Cape Town,ZA,2020-11-07 18:29:13,-33.93,18.42,64.99,82,75,13.87,broken clouds
42,Novikovo,RU,2020-11-07 18:31:57,51.15,37.89,43.75,81,0,9.15,clear sky
43,Puerto Ayora,EC,2020-11-07 18:30:21,-0.74,-90.35,77.0,65,40,18.34,scattered clouds
44,Aranos,NA,2020-11-07 18:31:58,-24.13,19.12,84.11,15,0,3.56,clear sky
45,Besuki,ID,2020-11-07 18:31:58,-7.73,113.7,79.61,74,0,1.88,clear sky
46,Rincon,US,2020-11-07 18:31:58,32.3,-81.24,80.6,61,75,14.99,broken clouds
47,Mandalgovi,MN,2020-11-07 18:31:58,45.76,106.27,25.47,72,0,7.99,clear sky
48,Linping,CN,2020-11-07 18:31:58,30.42,120.3,68.0,32,0,8.95,clear sky
49,Port Alfred,ZA,2020-11-07 18:31:04,-33.59,26.89,68.32,87,0,5.53,clear sky
50,Maceio,BR,2020-11-07 18:31:58,-9.67,-35.74,84.2,74,75,17.22,broken clouds
51,Bermeo,ES,2020-11-07 18:31:59,43.42,-2.72,63.0,77,0,2.24,clear sky
52,Souillac,MU,2020-11-07 18:31:56,-20.52,57.52,73.4,78,40,8.05,scattered clouds
53,Mataura,NZ,2020-11-07 18:31:59,-46.19,168.86,46.99,74,100,10.0,moderate rain
54,Vanimo,PG,2020-11-07 18:31:59,-2.67,141.3,76.1,92,100,3.36,light rain
55,Novyy Urengoy,RU,2020-11-07 18:30:44,66.08,76.63,32.32,98,100,4.85,overcast clouds
56,Henties Bay,NA,2020-11-07 18:31:59,-22.12,14.28,61.0,89,0,5.99,clear sky
57,Meulaboh,ID,2020-11-07 18:31:59,4.14,96.13,76.68,86,99,4.03,light rain
58,Ratnagiri,IN,2020-11-07 18:32:00,16.98,73.3,79.0,75,1,4.18,clear sky
59,Madaoua,NE,2020-11-07 18:32:00,14.07,5.96,82.81,15,0,8.39,clear sky
60,Kupang,ID,2020-11-07 18:27:56,-10.17,123.58,79.88,75,24,3.02,few clouds
61,Katangli,RU,2020-11-07 18:32:00,51.71,143.23,22.95,88,0,6.78,clear sky
62,Saint-Malo,FR,2020-11-07 18:32:01,48.5,-1.83,59.0,77,90,6.93,overcast clouds
63,Samana,DO,2020-11-07 18:32:01,19.21,-69.34,87.8,70,40,6.93,scattered clouds
64,College,US,2020-11-07 18:32:01,64.86,-147.8,27.0,85,90,4.7,overcast clouds
65,Nouadhibou,MR,2020-11-07 18:31:16,20.93,-17.03,77.0,61,0,11.41,clear sky
66,Carlisle,US,2020-11-07 18:29:30,40.2,-77.19,73.99,39,0,3.2,clear sky
67,Qui Nhon,VN,2020-11-07 18:32:02,13.77,109.23,74.32,84,8,14.09,clear sky
68,Hithadhoo,MV,2020-11-07 18:32:02,-0.6,73.08,83.3,73,86,8.16,light rain
69,Bluff,NZ,2020-11-07 18:32:02,-46.6,168.33,46.99,74,6,10.0,clear sky
70,Olafsvik,IS,2020-11-07 18:32:02,64.89,-23.71,41.09,69,85,28.95,light rain
71,Saldanha,ZA,2020-11-07 18:31:38,-33.01,17.94,64.4,72,0,14.99,light rain
72,Taoudenni,ML,2020-11-07 18:32:03,22.68,-3.98,86.38,14,99,6.87,overcast clouds
73,Itarema,BR,2020-11-07 18:32:03,-2.92,-39.92,84.29,63,99,19.01,overcast clouds
74,Ponta Pora,BR,2020-11-07 18:32:03,-22.54,-55.73,95.0,24,0,2.24,clear sky
75,San Vicente,AR,2020-11-07 18:32:03,-26.62,-54.13,91.83,19,0,4.59,clear sky
76,Pisco,PE,2020-11-07 18:32:03,-13.7,-76.22,64.99,82,90,8.05,overcast clouds
77,Bethel,US,2020-11-07 18:32:03,41.37,-73.41,73.99,35,1,8.05,clear sky
78,Baruun-Urt,MN,2020-11-07 18:32:04,46.68,113.28,15.48,84,0,7.56,clear sky
79,Qaanaaq,GL,2020-11-07 18:32:04,77.48,-69.36,-12.64,71,0,6.4,clear sky
80,Cherskiy,RU,2020-11-07 18:31:01,68.75,161.3,5.95,95,100,6.4,overcast clouds
81,Shanhetun,CN,2020-11-07 18:32:04,44.7,127.2,25.65,87,0,12.57,clear sky
82,Villeta,CO,2020-11-07 18:28:24,5.01,-74.47,62.6,67,75,18.34,shower rain
83,Yangambi,CD,2020-11-07 18:32:04,0.81,24.43,71.19,93,14,1.34,few clouds
84,Abu Dhabi,AE,2020-11-07 18:27:42,24.47,54.37,82.4,69,0,4.7,clear sky
85,Behbahan,IR,2020-11-07 18:32:05,30.6,50.24,77.0,53,0,6.93,clear sky
86,Fare,PF,2020-11-07 18:32:05,-16.7,-151.02,79.74,75,38,10.74,scattered clouds
87,Mahanje,TZ,2020-11-07 18:32:05,-9.93,35.33,70.34,55,0,4.56,clear sky
88,Cabedelo,BR,2020-11-07 18:28:33,-6.98,-34.83,84.2,70,40,18.34,scattered clouds
89,Tasiilaq,GL,2020-11-07 18:32:05,65.61,-37.64,28.4,92,90,4.7,light snow
90,Kongolo,CD,2020-11-07 18:32:05,-5.38,27.0,71.37,94,14,2.68,few clouds
91,Naryan-Mar,RU,2020-11-07 18:32:05,67.67,53.09,30.04,99,100,5.26,overcast clouds
92,Evensk,RU,2020-11-07 18:32:06,61.95,159.23,12.25,89,90,9.73,overcast clouds
93,Ascension,US,2020-11-07 18:32:07,30.22,-90.9,75.2,73,75,10.29,broken clouds
94,Viedma,AR,2020-11-07 18:27:15,-40.81,-63.0,75.99,36,43,3.0,scattered clouds
95,Esso,RU,2020-11-07 18:32:07,55.93,158.7,9.91,87,46,3.27,scattered clouds
96,Victoria,HK,2020-11-07 18:32:07,22.29,114.16,78.01,50,0,5.01,clear sky
97,Tuktoyaktuk,CA,2020-11-07 18:32:08,69.45,-133.04,26.6,79,75,21.92,light snow
98,Port Lincoln,AU,2020-11-07 18:31:29,-34.73,135.87,59.02,76,0,16.58,clear sky
99,Saskylakh,RU,2020-11-07 18:32:00,71.92,114.08,-9.02,89,5,6.71,clear sky
100,Saint-Pierre,RE,2020-11-07 18:32:08,-21.34,55.48,73.4,78,75,17.22,broken clouds
101,Rocha,UY,2020-11-07 18:32:08,-34.48,-54.33,70.68,68,37,10.6,light rain
102,Tura,IN,2020-11-07 18:32:08,25.52,90.22,65.16,86,0,4.38,clear sky
103,Chokurdakh,RU,2020-11-07 18:32:08,70.63,147.92,2.53,95,100,6.46,overcast clouds
104,Broome,US,2020-11-07 18:31:39,42.25,-75.83,69.01,45,1,5.82,clear sky
105,Ribeira Grande,PT,2020-11-07 18:32:09,38.52,-28.7,60.8,77,40,11.41,scattered clouds
106,Puerto Baquerizo Moreno,EC,2020-11-07 18:32:09,-0.9,-89.6,75.2,64,20,12.75,few clouds
107,Carberry,CA,2020-11-07 18:32:09,49.87,-99.36,26.6,92,90,17.22,overcast clouds
108,Mar Del Plata,AR,2020-11-07 18:31:05,-38.0,-57.56,64.4,88,40,10.09,scattered clouds
109,Atuona,PF,2020-11-07 18:32:09,-9.8,-139.03,77.61,73,88,15.93,overcast clouds
110,Belaya Kholunitsa,RU,2020-11-07 18:32:10,58.84,50.85,32.88,94,84,7.18,broken clouds
111,Yellowknife,CA,2020-11-07 18:30:06,62.46,-114.35,12.0,85,75,4.7,light snow
112,General Roca,AR,2020-11-07 18:32:10,-39.03,-67.58,84.2,28,0,18.34,clear sky
113,Khatanga,RU,2020-11-07 18:32:10,71.97,102.5,-4.85,88,9,11.79,clear sky
114,Busselton,AU,2020-11-07 18:31:21,-33.65,115.33,55.0,66,54,3.27,broken clouds
115,Provideniya,RU,2020-11-07 18:31:13,64.38,-173.3,29.23,94,10,9.75,clear sky
116,Muros,ES,2020-11-07 18:32:11,42.78,-9.06,61.0,89,28,8.01,light rain
117,Vila Velha,BR,2020-11-07 18:31:57,-20.33,-40.29,78.8,78,20,10.29,few clouds
118,San Patricio,US,2020-11-07 18:31:34,28.02,-97.52,82.0,61,40,12.75,scattered clouds
119,Vao,NC,2020-11-07 18:32:11,-22.67,167.48,73.42,76,62,10.98,broken clouds
120,Cidreira,BR,2020-11-07 18:28:23,-30.18,-50.21,71.06,72,7,16.06,clear sky
121,Conakry,GN,2020-11-07 18:32:11,9.54,-13.68,86.0,79,20,9.17,few clouds
122,Upernavik,GL,2020-11-07 18:31:42,72.79,-56.15,-1.93,76,0,8.43,clear sky
123,Sola,VU,2020-11-07 18:32:12,-13.88,167.55,82.4,83,90,5.82,overcast clouds
124,Vaini,TO,2020-11-07 18:30:59,-21.2,-175.2,71.6,88,20,5.82,few clouds
125,Sept-Iles,CA,2020-11-07 18:31:42,50.2,-66.38,34.0,59,70,10.29,broken clouds
126,Ilulissat,GL,2020-11-07 18:32:12,69.22,-51.1,12.2,66,40,3.2,shower rain
127,Aljezur,PT,2020-11-07 18:29:50,37.32,-8.8,62.31,83,7,8.37,light rain
128,Arroyos Y Esteros,PY,2020-11-07 18:32:12,-25.07,-57.1,100.4,17,0,8.05,clear sky
129,Yulara,AU,2020-11-07 18:32:12,-25.24,130.99,75.2,14,97,8.05,overcast clouds
130,Bengkulu,ID,2020-11-07 18:32:13,-3.8,102.27,76.66,87,100,4.79,overcast clouds
131,Mvomero,TZ,2020-11-07 18:32:13,-6.25,38.67,80.6,78,40,4.7,scattered clouds
132,Mount Gambier,AU,2020-11-07 18:32:13,-37.83,140.77,41.0,93,0,6.93,clear sky
133,Nenjiang,CN,2020-11-07 18:32:13,49.18,125.22,23.38,94,100,14.83,overcast clouds
134,Constitucion,CL,2020-11-07 18:32:14,-35.33,-72.42,66.9,51,0,14.97,clear sky
135,Nuuk,GL,2020-11-07 18:32:14,64.18,-51.72,24.8,79,75,2.24,shower rain
136,Pevek,RU,2020-11-07 18:32:14,69.7,170.31,17.46,97,100,2.89,light snow
137,Lata,PT,2020-11-07 18:32:14,40.16,-8.33,61.0,91,100,1.99,overcast clouds
138,Makakilo City,US,2020-11-07 18:32:14,21.35,-158.09,78.8,78,1,3.36,light rain
139,Kodiak,US,2020-11-07 18:27:25,57.79,-152.41,35.6,88,40,9.53,scattered clouds
140,Gondanglegi,ID,2020-11-07 18:32:14,-7.75,112.01,75.69,80,0,5.68,clear sky
141,Kaitangata,NZ,2020-11-07 18:32:15,-46.28,169.85,46.99,73,100,5.99,overcast clouds
142,Nabire,ID,2020-11-07 18:32:15,-3.37,135.48,76.78,87,100,2.73,overcast clouds
143,Gannavaram,IN,2020-11-07 18:32:15,16.53,80.8,73.98,90,0,3.91,clear sky
144,Hovd,MN,2020-11-07 18:32:15,48.01,91.64,27.99,89,54,0.47,broken clouds
145,Williston,US,2020-11-07 18:32:15,48.15,-103.62,33.8,64,90,9.17,overcast clouds
146,Yar-Sale,RU,2020-11-07 18:32:16,66.83,70.83,29.17,99,97,3.06,overcast clouds
147,Boyolangu,ID,2020-11-07 18:32:16,-8.12,111.89,75.24,82,0,0.74,clear sky
148,Barcelos,PT,2020-11-07 18:27:34,41.54,-8.62,60.8,87,75,14.99,shower rain
149,Guadalupe Y Calvo,MX,2020-11-07 18:32:16,26.1,-106.97,67.42,26,0,8.5,clear sky
150,Nikolskoye,RU,2020-11-07 18:31:28,59.7,30.79,48.2,81,90,11.18,overcast clouds
151,Luderitz,NA,2020-11-07 18:31:58,-26.65,15.16,63.32,85,0,5.82,clear sky
152,Pacific Grove,US,2020-11-07 18:30:22,36.62,-121.92,55.4,66,40,3.58,scattered clouds
153,Arraial Do Cabo,BR,2020-11-07 18:32:17,-22.97,-42.03,77.0,61,75,11.41,broken clouds
154,Champerico,GT,2020-11-07 18:32:17,14.3,-91.92,82.4,78,75,6.93,broken clouds
155,Honiara,SB,2020-11-07 18:32:17,-9.43,159.95,73.4,94,20,2.24,few clouds
156,Carrollton,US,2020-11-07 18:32:17,32.95,-96.89,75.0,53,20,6.93,few clouds
157,Nemuro,JP,2020-11-07 18:31:37,43.32,145.57,51.62,79,61,4.43,broken clouds
158,Sakakah,SA,2020-11-07 18:32:17,29.97,40.21,68.0,40,0,8.05,clear sky
159,Iraray,PH,2020-11-07 18:32:18,8.99,118.05,78.24,77,100,6.64,overcast clouds
160,Samarai,PG,2020-11-07 18:31:55,-10.62,150.67,80.89,83,1,8.55,light rain
161,Vardo,NO,2020-11-07 18:32:18,70.37,31.11,38.84,81,100,37.31,light rain
162,Yuksekova,TR,2020-11-07 18:32:18,37.57,44.29,46.4,93,20,9.17,few clouds
163,Torbay,CA,2020-11-07 18:31:00,47.67,-52.73,51.01,87,75,29.97,broken clouds
164,Adrar,MR,2020-11-07 18:32:18,20.5,-10.07,89.44,17,100,7.94,overcast clouds
165,Gazimurskiy Zavod,RU,2020-11-07 18:32:19,51.55,118.33,10.85,94,98,2.3,overcast clouds
166,Husavik,IS,2020-11-07 18:29:03,66.04,-17.34,42.8,60,75,17.22,broken clouds
167,Batticaloa,LK,2020-11-07 18:32:19,7.71,81.69,80.76,81,14,3.58,moderate rain
168,Barrow,US,2020-11-07 18:32:19,71.29,-156.79,30.2,86,90,23.04,light snow
169,Gazojak,TM,2020-11-07 18:32:19,41.19,61.4,55.26,64,100,12.93,overcast clouds
170,Prince Rupert,CA,2020-11-07 18:32:19,54.32,-130.32,39.2,80,1,6.93,clear sky
171,Leningradskiy,RU,2020-11-07 18:29:07,69.38,178.42,20.44,96,100,13.49,light snow
172,Ciudad Bolivar,VE,2020-11-07 18:32:20,8.12,-63.55,90.03,56,69,3.36,light rain
173,Itupiranga,BR,2020-11-07 18:32:20,-5.13,-49.33,93.2,52,40,4.7,scattered clouds
174,Saint Anthony,US,2020-11-07 18:32:20,45.02,-93.22,70.0,63,1,13.87,clear sky
175,Boffa,GN,2020-11-07 18:32:20,10.17,-14.03,80.82,86,6,5.77,light rain
176,Gamba,GA,2020-11-07 18:32:20,-2.65,10.0,76.48,92,62,6.02,broken clouds
177,Tazmalt,DZ,2020-11-07 18:32:21,36.39,4.4,68.0,52,0,4.7,clear sky
178,Asfi,MA,2020-11-07 18:32:21,32.3,-9.24,66.52,78,47,5.46,scattered clouds
179,Toora-Khem,RU,2020-11-07 18:32:21,52.47,96.11,26.53,95,77,2.66,broken clouds
180,Petropavlovsk-Kamchatskiy,RU,2020-11-07 18:30:56,53.05,158.65,23.0,79,15,6.71,few clouds
181,Cabo San Lucas,MX,2020-11-07 18:32:21,22.89,-109.91,84.0,74,75,8.05,broken clouds
182,Iqaluit,CA,2020-11-07 18:30:12,63.75,-68.51,10.4,72,75,11.41,broken clouds
183,Port Elizabeth,ZA,2020-11-07 18:32:22,-33.92,25.57,64.4,88,0,3.36,clear sky
184,Georgetown,MY,2020-11-07 18:28:43,5.41,100.34,78.8,88,40,4.7,moderate rain
185,North Bend,US,2020-11-07 18:29:29,43.41,-124.22,46.4,93,90,5.82,overcast clouds
186,Komsomolskiy,UZ,2020-11-07 18:31:50,40.43,71.72,51.8,60,99,3.89,mist
187,Binzhou,CN,2020-11-07 18:32:22,37.37,118.02,45.0,51,0,8.28,clear sky
188,Santa Lucia,ES,2020-11-07 18:32:22,27.91,-15.54,71.6,78,75,5.82,broken clouds
189,Sonoita,MX,2020-11-07 18:32:23,31.85,-112.83,71.55,47,1,30.4,clear sky
190,Zuwarah,LY,2020-11-07 18:32:23,32.93,12.08,70.16,60,0,7.29,clear sky
191,Chernyshevskiy,RU,2020-11-07 18:32:23,63.01,112.47,-7.31,92,97,3.13,overcast clouds
192,Vestmannaeyjar,IS,2020-11-07 18:32:23,63.44,-20.27,44.6,87,75,25.28,broken clouds
193,Saint George,US,2020-11-07 18:30:19,37.1,-113.58,59.0,30,40,23.04,scattered clouds
194,Qinnan,CN,2020-11-07 18:32:23,33.25,119.91,54.01,49,0,5.35,clear sky
195,Airai,TL,2020-11-07 18:32:24,-8.93,125.41,62.6,59,89,1.86,overcast clouds
196,Quatre Cocos,MU,2020-11-07 18:32:24,-20.21,57.76,73.4,78,40,8.05,scattered clouds
197,Teodoro Sampaio,BR,2020-11-07 18:32:24,-22.53,-52.17,97.16,17,0,3.85,clear sky
198,Huadian,CN,2020-11-07 18:32:24,42.96,126.75,27.37,81,0,15.55,clear sky
199,Longyearbyen,SJ,2020-11-07 18:32:24,78.22,15.64,32.0,94,40,3.36,scattered clouds
200,Ferkessedougou,CI,2020-11-07 18:32:24,9.6,-5.2,81.27,32,80,0.72,broken clouds
201,Haines Junction,CA,2020-11-07 18:32:25,60.75,-137.51,-18.4,75,99,1.12,overcast clouds
202,Faya,SA,2020-11-07 18:32:25,18.39,42.45,62.6,72,0,2.21,clear sky
203,Dikson,RU,2020-11-07 18:32:25,73.51,80.55,-2.79,89,3,12.1,clear sky
204,Lebu,CL,2020-11-07 18:32:25,-37.62,-73.65,57.07,59,0,21.5,clear sky
205,Cayenne,GF,2020-11-07 18:32:05,4.93,-52.33,78.8,94,0,5.82,heavy intensity rain
206,Richards Bay,ZA,2020-11-07 18:30:57,-28.78,32.04,71.02,92,0,4.99,clear sky
207,Piacabucu,BR,2020-11-07 18:32:26,-10.41,-36.43,81.14,77,10,14.54,clear sky
208,Koulikoro,ML,2020-11-07 18:32:26,14.0,-7.75,83.97,14,0,9.37,clear sky
209,Lagoa,PT,2020-11-07 18:32:26,39.05,-27.98,61.5,71,0,20.96,light rain
210,Paamiut,GL,2020-11-07 18:32:26,61.99,-49.67,29.17,90,100,15.46,overcast clouds
211,Kargala,RU,2020-11-07 18:32:26,56.62,83.96,41.0,75,50,12.55,scattered clouds
212,Narsaq,GL,2020-11-07 18:32:07,60.92,-46.05,30.2,74,75,4.7,broken clouds
213,Esperance,AU,2020-11-07 18:32:27,-33.87,121.9,55.4,100,75,8.05,broken clouds
214,Tokmak,UA,2020-11-07 18:32:27,47.25,35.71,50.92,71,100,11.27,overcast clouds
215,Port Moresby,PG,2020-11-07 18:32:27,-9.44,147.18,75.2,94,75,4.7,broken clouds
216,Faanui,PF,2020-11-07 18:31:50,-16.48,-151.75,78.76,79,59,13.22,broken clouds
217,Walvis Bay,NA,2020-11-07 18:32:27,-22.96,14.51,62.6,77,0,12.75,clear sky
218,Mahebourg,MU,2020-11-07 18:32:27,-20.41,57.7,73.4,78,40,8.05,scattered clouds
219,Kruisfontein,ZA,2020-11-07 18:31:35,-34.0,24.73,64.0,73,0,1.01,clear sky
220,Kavieng,PG,2020-11-07 18:32:27,-2.57,150.8,82.31,70,26,8.7,scattered clouds
221,Pangnirtung,CA,2020-11-07 18:32:28,66.15,-65.71,12.2,85,90,9.17,light snow
222,Viesca,MX,2020-11-07 18:32:28,25.35,-102.8,73.4,31,5,6.51,clear sky
223,Acapulco,MX,2020-11-07 18:28:23,16.86,-99.89,86.0,70,5,3.36,clear sky
224,Blumberg,DE,2020-11-07 18:32:28,47.84,8.53,50.0,93,79,1.01,broken clouds
225,Nhulunbuy,AU,2020-11-07 18:32:28,-12.23,136.77,77.0,83,74,6.02,broken clouds
226,Mercedes,AR,2020-11-07 18:32:28,-34.65,-59.43,84.0,51,69,4.0,broken clouds
227,Palmer,US,2020-11-07 18:32:07,42.16,-72.33,75.2,33,20,4.7,few clouds
228,Kunszentmiklos,HU,2020-11-07 18:32:29,47.03,19.13,43.0,93,0,2.24,clear sky
229,Tautira,PF,2020-11-07 18:32:29,-17.73,-149.15,82.4,69,20,2.24,few clouds
230,Carnarvon,AU,2020-11-07 18:31:04,-24.87,113.63,71.6,73,90,12.75,overcast clouds
231,Kontagora,NG,2020-11-07 18:32:29,10.4,5.47,77.76,27,41,4.72,scattered clouds
232,Smithers,CA,2020-11-07 18:28:05,54.78,-127.17,30.2,63,5,8.05,clear sky
233,Kuyanovo,RU,2020-11-07 18:32:29,55.8,54.54,34.99,89,100,10.96,overcast clouds
234,Bilibino,RU,2020-11-07 18:31:58,68.05,166.44,-0.74,89,100,1.45,overcast clouds
235,Wilmington,US,2020-11-07 18:28:53,34.23,-77.94,78.8,57,1,11.41,clear sky
236,Athabasca,CA,2020-11-07 18:32:30,54.72,-113.29,23.0,92,100,6.93,light rain
237,Micheweni,TZ,2020-11-07 18:32:30,-4.97,39.83,79.77,81,100,10.25,overcast clouds
238,Wanning,CN,2020-11-07 18:32:30,18.8,110.4,72.03,81,0,8.14,clear sky
239,San Quintin,MX,2020-11-07 18:32:30,30.48,-115.95,65.44,49,0,16.73,clear sky
240,Fairbanks,US,2020-11-07 18:30:32,64.84,-147.72,27.0,86,75,2.24,broken clouds
241,Brunico,IT,2020-11-07 18:29:05,46.8,11.94,46.0,80,5,1.25,clear sky
242,Mmabatho,ZA,2020-11-07 18:32:31,-25.85,25.63,78.8,31,0,5.82,clear sky
243,Yelizovo,RU,2020-11-07 18:32:31,53.19,158.38,23.0,79,20,6.71,few clouds
244,Sao Filipe,CV,2020-11-07 18:31:53,14.9,-24.5,79.52,77,49,12.8,light rain
245,Puerto Madero,MX,2020-11-07 18:32:31,14.72,-92.42,86.0,74,40,5.82,scattered clouds
246,Nicoya,CR,2020-11-07 18:32:31,10.15,-85.45,78.8,88,75,8.05,drizzle
247,Kuandian,CN,2020-11-07 18:32:32,40.73,124.78,29.34,78,0,5.61,clear sky
248,Imbituba,BR,2020-11-07 18:32:32,-28.24,-48.67,77.0,61,20,14.99,few clouds
249,Osakarovka,KZ,2020-11-07 18:32:32,50.56,72.57,41.9,59,98,16.84,overcast clouds
250,Ghimes-Faget,RO,2020-11-07 18:32:32,46.58,26.07,42.01,97,0,1.05,clear sky
251,Sunnyside,US,2020-11-07 18:32:32,46.32,-120.01,45.0,75,1,3.15,clear sky
252,Arman,RU,2020-11-07 18:32:32,59.7,150.17,9.19,86,99,15.5,overcast clouds
253,Kikwit,CD,2020-11-07 18:32:32,-5.04,18.82,72.32,93,100,2.19,light rain
254,Esmeraldas,BR,2020-11-07 18:28:30,-19.76,-44.31,87.8,40,75,8.05,broken clouds
255,Bashmakovo,RU,2020-11-07 18:32:33,53.21,43.03,38.16,84,7,11.54,clear sky
256,Ormara,PK,2020-11-07 18:32:33,25.21,64.64,76.06,52,0,7.47,clear sky
257,Butaritari,KI,2020-11-07 18:32:33,3.07,172.79,80.76,74,100,10.92,overcast clouds
258,Saint-Denis,FR,2020-11-07 18:32:33,48.92,2.33,57.2,82,0,3.36,clear sky
259,Tilichiki,RU,2020-11-07 18:31:30,60.47,166.1,18.28,95,0,7.78,clear sky
260,Kushima,JP,2020-11-07 18:32:33,31.46,131.23,64.0,88,100,11.01,moderate rain
261,Zhezkazgan,KZ,2020-11-07 18:32:34,47.8,67.71,49.93,39,100,13.27,overcast clouds
262,Valdivia,CL,2020-11-07 18:31:29,-39.81,-73.25,68.0,56,0,3.36,clear sky
263,Pechora,RU,2020-11-07 18:32:34,65.15,57.22,30.99,99,100,8.01,overcast clouds
264,Ust-Kulom,RU,2020-11-07 18:31:23,61.69,53.69,32.79,95,100,6.69,overcast clouds
265,Aquiraz,BR,2020-11-07 18:32:34,-3.9,-38.39,86.0,58,20,18.34,few clouds
266,Trelew,AR,2020-11-07 18:32:34,-43.25,-65.31,74.77,26,100,22.88,overcast clouds
267,Yumen,CN,2020-11-07 18:32:34,40.28,97.2,29.32,80,39,2.98,scattered clouds
268,Mangrol,IN,2020-11-07 18:32:35,21.12,70.12,79.93,54,0,2.44,clear sky
269,Solwezi,ZM,2020-11-07 18:32:35,-12.17,26.39,71.46,28,0,3.6,clear sky
270,Puerto Leguizamo,CO,2020-11-07 18:32:32,-0.19,-74.78,90.1,50,97,5.79,heavy intensity rain
271,Namibe,AO,2020-11-07 18:32:35,-15.2,12.15,71.06,66,54,11.86,broken clouds
272,Urucui,BR,2020-11-07 18:32:35,-7.23,-44.56,92.19,45,28,9.55,scattered clouds
273,Davidson,US,2020-11-07 18:29:23,36.15,-86.78,75.99,47,20,5.82,few clouds
274,Empalme,MX,2020-11-07 18:32:36,27.97,-110.82,84.99,78,40,17.22,scattered clouds
275,Ovsyanka,RU,2020-11-07 18:32:36,55.96,92.55,42.8,81,40,8.95,scattered clouds
276,Methoni,GR,2020-11-07 18:32:18,36.82,21.7,62.6,45,0,11.3,clear sky
277,Narrabri,AU,2020-11-07 18:32:36,-30.32,149.78,57.2,67,0,14.99,clear sky
278,Karasjok,NO,2020-11-07 18:32:37,69.47,25.51,35.6,80,61,54.13,broken clouds
279,Kahului,US,2020-11-07 18:31:34,20.89,-156.47,75.99,83,40,14.99,scattered clouds
280,Kempsey,AU,2020-11-07 18:32:37,-31.08,152.83,57.99,85,35,1.01,scattered clouds
281,Bubaque,GW,2020-11-07 18:32:37,11.28,-15.83,85.41,74,1,12.39,clear sky
282,Waipawa,NZ,2020-11-07 18:32:37,-41.41,175.52,61.0,100,98,11.41,heavy intensity rain
283,San Francisco,US,2020-11-07 18:31:46,37.77,-122.42,57.2,58,20,10.29,few clouds
284,Itoman,JP,2020-11-07 18:32:37,26.12,127.67,75.2,100,20,3.36,few clouds
285,Tuatapere,NZ,2020-11-07 18:32:38,-46.13,167.68,46.99,74,55,10.0,broken clouds
286,Dunedin,NZ,2020-11-07 18:32:38,-45.87,170.5,48.99,76,100,9.98,overcast clouds
287,Port-Gentil,GA,2020-11-07 18:32:38,-0.72,8.78,80.6,88,40,12.75,scattered clouds
288,Sterling,US,2020-11-07 18:32:11,39.01,-77.43,75.2,31,20,3.36,few clouds
289,Morro Bay,US,2020-11-07 18:32:38,35.37,-120.85,57.99,73,15,5.01,few clouds
290,Gerash,IR,2020-11-07 18:32:38,27.67,54.14,64.4,34,0,6.93,clear sky
291,Russell,US,2020-11-07 18:32:39,32.35,-85.2,70.0,88,90,4.7,light intensity drizzle
292,Bambous Virieux,MU,2020-11-07 18:31:26,-20.34,57.76,73.4,78,40,8.05,scattered clouds
293,Sioux Lookout,CA,2020-11-07 18:30:48,50.1,-91.92,32.0,80,90,5.82,overcast clouds
294,Goba,ET,2020-11-07 18:32:39,7.02,39.98,50.77,90,100,1.72,overcast clouds
295,Lanxi,CN,2020-11-07 18:32:39,29.22,119.48,58.59,64,5,2.82,clear sky
296,Waingapu,ID,2020-11-07 18:32:39,-9.66,120.26,80.17,71,100,0.65,overcast clouds
297,Mahenge,TZ,2020-11-07 18:32:39,-8.68,36.72,70.23,81,0,5.53,clear sky
298,Asau,RO,2020-11-07 18:31:20,46.43,26.4,39.0,97,0,2.1,light rain
299,Luau,AO,2020-11-07 18:32:40,-10.71,22.22,65.35,89,94,3.53,overcast clouds
300,Ojinaga,MX,2020-11-07 18:32:40,29.57,-104.42,78.01,27,1,6.93,clear sky
301,Ayan,RU,2020-11-07 18:32:40,56.45,138.17,12.61,86,85,17.72,overcast clouds
302,Jawhar,SO,2020-11-07 18:32:33,2.78,45.5,77.47,85,90,6.58,light rain
303,Margherita,IN,2020-11-07 18:32:40,27.28,95.68,64.6,76,0,1.81,clear sky
304,Tarnos,FR,2020-11-07 18:32:40,43.54,-1.46,63.0,72,0,6.93,clear sky
305,Termoli,IT,2020-11-07 18:32:41,41.99,14.99,54.0,86,0,3.02,clear sky
306,Point Pedro,LK,2020-11-07 18:32:41,9.82,80.23,82.26,80,82,13.33,light rain
307,Gedo,ET,2020-11-07 18:32:41,9.02,37.45,54.57,78,100,3.47,overcast clouds
308,Kutum,SD,2020-11-07 18:32:41,14.2,24.67,70.54,24,1,12.71,clear sky
309,Chuy,UY,2020-11-07 18:30:59,-33.7,-53.46,68.81,71,23,11.92,few clouds
310,Codrington,AU,2020-11-07 18:32:41,-38.27,141.97,40.53,93,6,6.73,clear sky
311,Camapua,BR,2020-11-07 18:32:42,-19.53,-54.04,98.62,22,0,5.46,clear sky
312,Poum,NC,2020-11-07 18:31:55,-20.23,164.02,76.44,73,1,13.69,clear sky
313,Warri,NG,2020-11-07 18:29:33,5.52,5.75,77.92,87,100,7.38,moderate rain
314,New Richmond,US,2020-11-07 18:32:42,45.12,-92.54,69.01,59,1,17.22,clear sky
315,Charcas,MX,2020-11-07 18:29:47,23.13,-101.12,63.73,30,59,4.23,broken clouds
316,Sitka,US,2020-11-07 18:32:42,57.05,-135.33,34.38,84,100,2.24,overcast clouds
317,Sicula,RO,2020-11-07 18:32:42,46.43,21.75,42.8,93,0,1.12,clear sky
318,Nigde,TR,2020-11-07 18:32:42,37.83,34.75,39.36,77,6,7.7,clear sky
319,Campoverde,PE,2020-11-07 18:32:43,-8.48,-74.81,93.2,52,40,8.05,scattered clouds
320,Mikhaylovsk,RU,2020-11-07 18:32:43,45.13,42.03,82.27,81,75,22.37,broken clouds
321,Wang Saphung,TH,2020-11-07 18:32:43,17.3,101.77,71.44,85,19,1.79,few clouds
322,Hambantota,LK,2020-11-07 18:31:44,6.12,81.12,77.0,100,5,3.36,moderate rain
323,Avera,US,2020-11-07 18:32:43,33.19,-82.53,77.0,65,40,10.29,scattered clouds
324,Anadyr,RU,2020-11-07 18:32:43,64.75,177.48,15.8,92,40,6.71,scattered clouds
325,Zambezi,ZM,2020-11-07 18:32:44,-13.54,23.1,78.17,34,10,3.56,clear sky
326,Road Town,VG,2020-11-07 18:32:44,18.42,-64.62,84.99,74,40,10.29,scattered clouds
327,Ituiutaba,BR,2020-11-07 18:32:44,-18.97,-49.47,93.04,29,77,4.29,broken clouds
328,Klaksvik,FO,2020-11-07 18:32:44,62.23,-6.59,39.2,86,67,8.08,broken clouds
329,Bac Lieu,VN,2020-11-07 18:32:00,9.29,105.72,78.53,87,73,8.59,broken clouds
330,Oleksandrivka,UA,2020-11-07 18:32:44,48.96,32.23,48.15,85,99,8.97,overcast clouds
331,Bhadrachalam,IN,2020-11-07 18:32:44,17.67,80.88,72.1,88,7,1.57,clear sky
332,Siddharthanagar,NP,2020-11-07 18:32:45,27.5,83.45,66.65,68,0,2.13,clear sky
333,Glamang,PH,2020-11-07 18:32:45,6.16,125.08,73.96,86,100,2.15,overcast clouds
334,Axim,GH,2020-11-07 18:32:45,4.87,-2.24,78.84,85,62,6.46,light rain
335,Dalton,US,2020-11-07 18:30:03,34.77,-84.97,75.99,53,90,5.53,overcast clouds
336,Alofi,NU,2020-11-07 18:27:53,-19.06,-169.92,75.2,78,3,11.41,clear sky
337,Kibala,TD,2020-11-07 18:32:45,9.11,18.35,82.4,65,0,2.35,clear sky
338,Santander,ES,2020-11-07 18:32:46,43.46,-3.8,63.0,82,20,4.41,few clouds
339,Flin Flon,CA,2020-11-07 18:32:46,54.77,-101.86,19.4,67,90,5.82,overcast clouds
340,Jibuti,DJ,2020-11-07 18:32:46,11.5,42.5,82.4,65,40,15.73,scattered clouds
341,Marabba,SD,2020-11-07 18:32:46,12.35,32.18,83.68,18,65,8.25,broken clouds
342,Powell River,CA,2020-11-07 18:29:23,49.85,-124.54,44.6,75,5,8.05,clear sky
343,Mus,TR,2020-11-07 18:29:34,39.0,41.75,44.13,60,36,3.31,scattered clouds
344,Svetlyy,RU,2020-11-07 18:32:47,54.67,20.13,48.2,93,90,6.71,light intensity drizzle
345,Kango,GA,2020-11-07 18:32:47,0.19,10.1,75.18,94,100,3.56,light rain
346,Sao Jose Da Coroa Grande,BR,2020-11-07 18:32:47,-8.9,-35.15,80.56,77,23,13.94,few clouds
347,Quelimane,MZ,2020-11-07 18:32:47,-17.88,36.89,82.4,74,0,17.22,clear sky
348,Karad,IN,2020-11-07 18:32:47,17.28,74.2,71.53,73,56,8.25,broken clouds
349,Yeppoon,AU,2020-11-07 18:32:48,-23.13,150.73,75.2,64,75,8.05,broken clouds
350,Deputatskiy,RU,2020-11-07 18:32:31,69.3,139.9,-6.43,91,95,3.02,overcast clouds
351,Morondava,MG,2020-11-07 18:32:48,-20.28,44.28,80.22,80,11,7.87,few clouds
352,Moree,AU,2020-11-07 18:32:48,-29.47,149.85,60.8,67,0,10.29,clear sky
353,Ghanzi,BW,2020-11-07 18:32:48,-21.57,21.78,87.82,13,0,4.7,clear sky
354,Qeshm,IR,2020-11-07 18:31:57,26.96,56.27,69.8,83,0,4.7,clear sky
355,Ahuimanu,US,2020-11-07 18:32:49,21.44,-157.84,78.8,83,90,9.17,moderate rain
356,Dandong,CN,2020-11-07 18:32:49,40.13,124.39,35.02,68,0,9.1,clear sky
357,Yaring,TH,2020-11-07 18:32:49,6.87,101.37,78.64,82,62,2.46,broken clouds
358,Batagay,RU,2020-11-07 18:32:49,67.63,134.63,-26.55,84,36,1.3,scattered clouds
359,Ballina,AU,2020-11-07 18:32:49,-28.87,153.57,62.6,93,90,10.29,light rain
360,Conceicao Da Barra,BR,2020-11-07 18:32:49,-18.59,-39.73,80.56,71,0,6.89,clear sky
361,Singaraja,ID,2020-11-07 18:32:50,-8.11,115.09,78.69,68,0,4.59,clear sky
362,Buseresere,TZ,2020-11-07 18:32:50,-3.02,31.87,69.84,80,90,3.31,overcast clouds
363,Biltine,TD,2020-11-07 18:32:50,14.53,20.92,80.83,19,0,9.28,clear sky
364,Lipin Bor,RU,2020-11-07 18:32:50,60.26,37.98,44.08,86,100,16.31,overcast clouds
365,Isangel,VU,2020-11-07 18:32:50,-19.55,169.27,77.36,81,1,7.31,clear sky
366,Huaraz,PE,2020-11-07 18:32:50,-9.53,-77.53,66.79,31,93,2.93,overcast clouds
367,Jonkoping,SE,2020-11-07 18:31:12,57.78,14.16,48.2,93,75,10.29,broken clouds
368,Bafq,IR,2020-11-07 18:32:51,31.61,55.41,61.21,26,20,7.25,few clouds
369,Gat,IL,2020-11-07 18:32:51,31.61,34.76,69.01,76,86,5.06,overcast clouds
370,Lewistown,US,2020-11-07 18:32:51,40.6,-77.57,72.0,40,1,8.05,clear sky
371,Kudahuvadhoo,MV,2020-11-07 18:32:51,2.67,72.89,84.0,68,92,6.87,overcast clouds
372,Hami,CN,2020-11-07 18:32:51,42.8,93.45,35.4,75,73,2.57,broken clouds
373,Port Blair,IN,2020-11-07 18:28:01,11.67,92.75,81.3,79,0,7.76,clear sky
374,Labuhan,ID,2020-11-07 18:32:52,-6.88,112.21,78.91,78,0,7.92,clear sky
375,Puerto Madryn,AR,2020-11-07 18:32:52,-42.77,-65.04,67.32,38,99,23.09,overcast clouds
376,Tessalit,ML,2020-11-07 18:32:52,20.2,1.01,78.57,17,100,11.5,overcast clouds
377,Sinjar,IQ,2020-11-07 18:32:52,36.32,41.88,63.18,49,15,3.91,few clouds
378,Bulungu,CD,2020-11-07 18:32:52,-4.55,18.6,71.92,93,100,1.88,light rain
379,Surgut,RU,2020-11-07 18:32:52,61.25,73.42,33.8,100,75,8.95,broken clouds
380,Saint-Joseph,RE,2020-11-07 18:32:49,-21.37,55.62,73.4,78,75,17.22,broken clouds
381,Yakeshi,CN,2020-11-07 18:32:53,49.28,120.73,6.55,92,0,6.82,clear sky
382,Boa Esperanca,BR,2020-11-07 18:32:53,-21.09,-45.57,87.84,32,9,7.63,clear sky
383,Namatanai,PG,2020-11-07 18:32:53,-3.67,152.43,79.32,76,74,5.26,broken clouds
384,Bonthe,SL,2020-11-07 18:31:57,7.53,-12.51,80.35,82,100,5.53,overcast clouds
385,Storm Lake,US,2020-11-07 18:32:53,42.64,-95.21,72.0,64,1,20.8,clear sky
386,Touros,BR,2020-11-07 18:31:30,-5.2,-35.46,87.8,62,40,14.99,scattered clouds
387,Maymyo,MM,2020-11-07 18:32:54,22.03,96.47,61.75,95,0,2.59,clear sky
388,Rybachiy,RU,2020-11-07 18:32:54,48.71,44.74,41.61,86,75,15.66,broken clouds
389,Tocache,PE,2020-11-07 18:32:54,-8.18,-76.51,93.76,33,51,4.34,broken clouds
390,Rawson,AR,2020-11-07 18:31:02,-43.3,-65.1,69.42,33,100,23.71,overcast clouds
391,Bassar,TG,2020-11-07 18:32:54,9.25,0.78,82.4,65,0,0.02,clear sky
392,Ixtapa,MX,2020-11-07 18:32:54,20.7,-105.2,86.0,51,5,2.24,clear sky
393,Rudnaya Pristan,RU,2020-11-07 18:32:54,44.36,135.81,35.06,82,0,5.17,clear sky
394,Santa Maria,BR,2020-11-07 18:32:55,-29.68,-53.81,86.0,42,0,6.93,clear sky
395,Castro,BR,2020-11-07 18:28:33,-24.79,-50.01,80.53,31,0,3.96,clear sky
396,Marienburg,PL,2020-11-07 18:32:55,54.04,19.03,46.99,92,0,5.99,clear sky
397,Port Hardy,CA,2020-11-07 18:32:27,50.7,-127.42,42.8,60,20,19.46,few clouds
398,Irtyshskiy,RU,2020-11-07 18:32:55,58.33,68.13,35.74,96,100,4.92,overcast clouds
399,Verkhnyaya Inta,RU,2020-11-07 18:32:55,65.98,60.31,30.15,98,100,10.38,overcast clouds
400,Nishihara,JP,2020-11-07 18:32:55,26.18,127.76,75.2,100,1,4.7,clear sky
401,Atambua,ID,2020-11-07 18:32:56,-9.11,124.89,74.88,68,100,2.37,overcast clouds
402,Kavaratti,IN,2020-11-07 18:32:56,10.57,72.64,83.16,73,0,5.99,clear sky
403,Selcuk,TR,2020-11-07 18:32:56,37.95,27.37,64.4,51,0,21.92,clear sky
404,Dharchula,IN,2020-11-07 18:32:56,29.85,80.53,51.31,45,0,3.02,clear sky
405,Eenhana,NA,2020-11-07 18:32:56,-17.47,16.33,82.85,15,28,7.05,scattered clouds
406,Paredon,MX,2020-11-07 18:32:56,16.03,-93.87,88.99,52,3,12.33,clear sky
407,Poyarkovo,RU,2020-11-07 18:32:57,49.6,128.68,22.91,97,100,5.37,overcast clouds
408,Okha,RU,2020-11-07 18:32:57,53.57,142.95,25.32,89,71,8.63,broken clouds
409,Manaure,CO,2020-11-07 18:32:57,11.78,-72.44,83.64,69,99,14.23,overcast clouds
410,Bulgan,MN,2020-11-07 18:32:57,48.81,103.53,27.18,84,0,2.91,clear sky
411,Tashara,RU,2020-11-07 18:32:57,55.52,83.51,40.82,100,98,5.79,overcast clouds
412,Jalu,LY,2020-11-07 18:32:57,29.03,21.55,66.69,54,0,14.16,clear sky
413,Labrea,BR,2020-11-07 18:32:58,-7.26,-64.8,95.49,40,77,2.42,broken clouds
414,Rio Grande,BR,2020-11-07 18:32:58,-32.03,-52.1,73.4,69,75,18.34,broken clouds
415,Sur,OM,2020-11-07 18:32:58,22.57,59.53,75.63,77,0,7.18,clear sky
416,Shimoda,JP,2020-11-07 18:32:58,34.67,138.95,63.0,91,95,1.01,overcast clouds
417,Manta,EC,2020-11-07 18:32:52,-0.95,-80.73,78.8,69,75,13.87,broken clouds
418,Berbera,SO,2020-11-07 18:32:58,10.44,45.01,79.34,72,1,2.48,clear sky
419,Jabinyanah,TN,2020-11-07 18:32:59,35.03,10.91,68.0,72,20,2.24,few clouds
420,Dijkot,PK,2020-11-07 18:32:59,31.22,72.98,65.3,26,0,2.04,clear sky
421,Touho,NC,2020-11-07 18:32:59,-20.78,165.23,74.68,71,0,5.61,clear sky
422,Omsukchan,RU,2020-11-07 18:32:59,62.53,155.8,-1.39,89,100,4.68,overcast clouds
423,Geraldton,AU,2020-11-07 18:32:59,-28.77,114.6,69.8,73,90,9.17,overcast clouds
424,Te Anau,NZ,2020-11-07 18:32:59,-45.42,167.72,40.66,88,98,6.13,overcast clouds
425,Dingle,PH,2020-11-07 18:32:59,11.0,122.67,73.35,92,100,3.11,overcast clouds
426,Pleshanovo,RU,2020-11-07 18:33:00,52.83,53.48,33.62,92,76,10.33,broken clouds
427,Fort Nelson,CA,2020-11-07 18:30:05,58.81,-122.7,5.0,84,75,5.08,broken clouds
428,Harper,LR,2020-11-07 18:32:08,4.38,-7.72,79.66,83,99,5.73,overcast clouds
429,Padang,ID,2020-11-07 18:33:00,-0.95,100.35,77.23,81,100,3.78,moderate rain
430,Mananara,MG,2020-11-07 18:33:00,-16.17,49.77,72.18,88,37,3.62,scattered clouds
431,Emmett,US,2020-11-07 18:33:01,43.87,-116.5,48.0,70,100,5.46,overcast clouds
432,Erzin,TR,2020-11-07 18:33:01,36.96,36.2,64.99,52,0,3.0,clear sky
433,Teluk Intan,MY,2020-11-07 18:33:01,4.03,101.02,77.0,94,20,1.81,heavy intensity rain
434,Lompoc,US,2020-11-07 18:31:38,34.64,-120.46,57.2,71,40,4.7,scattered clouds
435,Zhuanghe,CN,2020-11-07 18:33:01,39.7,122.99,42.01,23,0,3.0,clear sky
436,Comodoro Rivadavia,AR,2020-11-07 18:32:20,-45.87,-67.5,66.2,45,0,14.99,clear sky
437,Guinticgan,PH,2020-11-07 18:33:01,11.56,123.12,77.34,83,96,8.7,overcast clouds
438,Arcata,US,2020-11-07 18:33:02,40.87,-124.08,53.6,58,1,11.1,clear sky
439,Torquay,GB,2020-11-07 18:32:01,50.46,-3.51,57.0,97,100,11.5,overcast clouds
440,Tigil,RU,2020-11-07 18:33:02,57.8,158.67,26.42,94,95,4.92,overcast clouds
441,Aldergrove,CA,2020-11-07 18:29:07,49.06,-122.47,41.0,80,75,10.29,shower rain
442,Mae Ramat,TH,2020-11-07 18:33:02,16.98,98.52,71.87,89,63,2.01,broken clouds
443,Majene,ID,2020-11-07 18:33:02,-3.54,118.97,77.97,86,69,4.45,broken clouds
444,Registro,BR,2020-11-07 18:33:02,-24.49,-47.84,78.98,51,0,7.76,clear sky
445,Clyde River,CA,2020-11-07 18:33:03,70.47,-68.59,-2.2,84,20,4.7,few clouds
446,Satipo,PE,2020-11-07 18:33:03,-11.25,-74.64,91.33,39,4,1.14,light rain
447,Muzhi,RU,2020-11-07 18:33:03,65.37,64.67,29.28,99,100,1.3,overcast clouds
448,Necochea,AR,2020-11-07 18:33:03,-38.55,-58.74,64.99,75,1,8.01,clear sky
449,Virginia Beach,US,2020-11-07 18:28:53,36.85,-75.98,73.0,65,0,1.99,clear sky
450,Lorengau,PG,2020-11-07 18:31:50,-2.02,147.27,81.1,75,33,8.72,scattered clouds
451,Acandi,CO,2020-11-07 18:33:04,8.51,-77.28,86.43,57,6,3.87,clear sky
452,Maniitsoq,GL,2020-11-07 18:33:04,65.42,-52.9,22.03,87,100,15.1,overcast clouds
453,La Asuncion,VE,2020-11-07 18:33:04,11.03,-63.86,83.77,73,99,13.89,overcast clouds
454,Husnicioara,RO,2020-11-07 18:33:04,44.68,22.84,48.09,76,100,2.44,overcast clouds
455,Cedar City,US,2020-11-07 18:32:13,37.68,-113.06,50.0,53,90,18.34,overcast clouds
456,Siocon,PH,2020-11-07 18:33:04,7.71,122.14,75.92,85,100,1.34,overcast clouds
457,Krasnoborsk,RU,2020-11-07 18:33:05,61.56,45.93,35.02,88,100,8.46,light rain
458,Bikaner,IN,2020-11-07 18:30:06,28.02,73.3,70.59,23,0,3.58,clear sky
459,Juneau,US,2020-11-07 18:33:05,58.3,-134.42,28.0,98,98,4.14,overcast clouds
460,Lima,PE,2020-11-07 18:30:38,-12.04,-77.03,68.0,68,90,11.41,overcast clouds
461,Fortuna,US,2020-11-07 18:30:10,40.6,-124.16,53.01,81,75,17.22,broken clouds
462,Broken Hill,AU,2020-11-07 18:33:05,-31.95,141.43,59.0,33,0,11.41,clear sky
463,Les Cayes,HT,2020-11-07 18:33:06,18.2,-73.75,80.87,80,100,11.68,overcast clouds
464,Vaitape,PF,2020-11-07 18:33:06,-16.52,-151.75,79.61,78,59,13.2,broken clouds
465,Along,IN,2020-11-07 18:33:06,28.17,94.77,57.07,55,0,2.19,clear sky
466,Asosa,ET,2020-11-07 18:33:06,10.07,34.53,64.49,57,99,3.67,overcast clouds
467,Tommot,RU,2020-11-07 18:33:06,58.96,126.29,0.05,90,100,7.87,overcast clouds
468,Luanda,AO,2020-11-07 18:33:06,-8.84,13.23,78.8,83,75,9.17,broken clouds
469,Lerwick,GB,2020-11-07 18:33:07,60.15,-1.15,44.6,93,100,3.11,haze
470,Bundaberg,AU,2020-11-07 18:33:07,-24.85,152.35,73.0,60,90,14.99,overcast clouds
471,Lar,IN,2020-11-07 18:33:07,26.2,83.97,69.06,42,0,2.82,clear sky
472,Bandar-E Lengeh,IR,2020-11-07 18:33:07,26.56,54.88,77.0,73,0,4.7,clear sky
473,Pran Buri,TH,2020-11-07 18:33:07,12.38,99.91,77.0,88,88,7.0,overcast clouds
474,Rimbey,CA,2020-11-07 18:33:07,52.63,-114.24,28.4,92,100,12.75,light rain
475,Vigrestad,NO,2020-11-07 18:33:07,58.57,5.7,45.0,99,100,7.38,overcast clouds
476,Los Llanos De Aridane,ES,2020-11-07 18:33:08,28.66,-17.92,71.6,60,20,2.24,few clouds
477,Strezhevoy,RU,2020-11-07 18:32:05,60.73,77.59,35.6,74,0,4.47,clear sky
478,Fort Walton Beach,US,2020-11-07 18:33:08,30.41,-86.62,77.0,69,40,3.36,scattered clouds
479,Belaya Gora,RU,2020-11-07 18:33:08,68.53,146.42,-2.72,92,100,3.91,overcast clouds
480,Nauta,PE,2020-11-07 18:33:08,-4.51,-73.58,96.57,39,7,4.52,clear sky
481,Aktash,RU,2020-11-07 18:33:08,50.3,87.73,19.72,93,41,5.06,scattered clouds
482,Abha,SA,2020-11-07 18:33:09,18.22,42.51,62.6,72,0,2.3,clear sky
483,Amos,CA,2020-11-07 18:33:09,48.57,-78.12,44.6,93,90,3.67,mist
484,Baracoa,CU,2020-11-07 18:33:09,20.35,-74.5,76.91,85,100,1.52,overcast clouds
485,Bergisch Gladbach,DE,2020-11-07 18:33:09,50.98,7.13,54.0,62,0,4.7,clear sky
486,Coihaique,CL,2020-11-07 18:31:04,-45.58,-72.07,66.2,37,0,5.82,clear sky
487,Kotka,FI,2020-11-07 18:33:09,60.47,26.95,46.4,81,75,11.41,broken clouds
488,George,ZA,2020-11-07 18:33:10,-33.96,22.46,62.6,67,0,9.17,clear sky
489,Lasa,IT,2020-11-07 18:33:10,46.62,10.7,48.0,75,5,1.92,clear sky
490,Portoferraio,IT,2020-11-07 18:33:10,42.81,10.31,59.0,82,20,4.7,few clouds
491,Slave Lake,CA,2020-11-07 18:32:03,55.28,-114.77,21.2,62,1,9.17,clear sky
492,Coquimbo,CL,2020-11-07 18:31:11,-29.95,-71.34,64.4,63,40,11.41,scattered clouds
493,Chengzihe,CN,2020-11-07 18:33:10,45.33,131.07,30.88,87,100,3.27,snow
494,Margate,GB,2020-11-07 18:31:13,51.38,1.39,54.0,89,22,1.99,few clouds
495,Ciro Marina,IT,2020-11-07 18:33:11,39.37,17.13,59.0,77,0,6.93,clear sky
496,Ugento,IT,2020-11-07 18:33:11,39.93,18.16,60.8,77,5,9.17,clear sky
497,Palanpur,IN,2020-11-07 18:33:11,24.17,72.43,72.25,30,0,2.37,clear sky
498,Ialibu,PG,2020-11-07 18:33:11,-6.28,143.99,55.72,98,100,1.19,overcast clouds
499,Seara,PT,2020-11-07 18:33:11,41.18,-7.8,57.99,9,94,5.19,light rain
500,Tezu,IN,2020-11-07 18:33:11,27.92,96.17,66.72,41,0,4.05,clear sky
501,Malanje,AO,2020-11-07 18:33:12,-9.54,16.34,67.37,95,100,3.11,light rain
502,Launceston,AU,2020-11-07 18:31:13,-41.45,147.17,42.8,75,75,4.7,broken clouds
503,Ponta Delgada,PT,2020-11-07 18:33:12,37.73,-25.67,62.6,63,40,11.41,scattered clouds
504,Presidencia Roque Saenz Pena,AR,2020-11-07 18:33:12,-26.79,-60.44,95.61,21,20,5.21,few clouds
505,Aberdeen,GB,2020-11-07 18:30:00,57.14,-2.1,46.4,93,90,3.76,overcast clouds
506,Buala,SB,2020-11-07 18:33:12,-8.14,159.59,79.65,76,2,3.11,clear sky
507,Palu,ID,2020-11-07 18:33:13,-0.89,119.87,75.83,81,100,2.57,moderate rain
508,Olinda,BR,2020-11-07 18:33:13,-8.01,-34.86,84.2,74,75,16.11,broken clouds
509,Iwaki,JP,2020-11-07 18:33:13,37.05,140.88,64.0,72,14,3.0,few clouds
510,Teya,RU,2020-11-07 18:33:13,60.38,92.63,37.98,85,100,11.01,overcast clouds
511,Beringovskiy,RU,2020-11-07 18:33:13,63.05,179.32,27.81,86,0,5.01,clear sky
512,Simoes,BR,2020-11-07 18:33:14,-7.6,-40.82,92.52,30,59,10.13,broken clouds
513,Mindelo,CV,2020-11-07 18:33:14,16.89,-24.98,82.4,61,75,18.34,broken clouds
514,Turiacu,BR,2020-11-07 18:33:14,-1.66,-45.37,89.28,53,71,9.69,broken clouds
515,Chandia,IN,2020-11-07 18:33:14,23.65,80.7,60.24,43,0,2.59,clear sky
516,Fuling,CN,2020-11-07 18:33:14,29.7,107.39,58.28,75,0,1.59,light rain
517,Mackay,AU,2020-11-07 18:33:14,-21.15,149.2,75.2,88,90,18.34,light rain
518,Maniwaki,CA,2020-11-07 18:33:15,46.38,-75.97,64.4,59,100,8.05,overcast clouds
519,Zapotiltic,MX,2020-11-07 18:33:15,19.62,-103.43,80.6,61,20,4.05,few clouds
520,Puerto Escondido,MX,2020-11-07 18:33:15,15.85,-97.07,87.8,66,20,8.05,few clouds
521,Gijon,ES,2020-11-07 18:33:15,43.54,-5.66,63.0,83,7,4.0,clear sky
522,Fonte Boa,BR,2020-11-07 18:33:15,-2.5,-66.27,82.81,83,100,4.83,overcast clouds
523,Thinadhoo,MV,2020-11-07 18:33:15,0.53,72.93,84.52,67,100,4.74,overcast clouds
524,Igarka,RU,2020-11-07 18:33:15,67.47,86.58,13.32,96,100,14.65,light snow
525,Vodnyy,RU,2020-11-07 18:33:16,63.5,53.41,32.95,96,99,7.0,overcast clouds
526,Toropets,RU,2020-11-07 18:33:07,56.5,31.64,45.79,93,100,12.73,light rain
527,Dickinson,US,2020-11-07 18:31:58,29.46,-95.05,80.01,69,1,3.36,clear sky
528,Yarada,IN,2020-11-07 18:33:16,17.65,83.27,80.6,78,40,2.24,mist
529,Sinnamary,GF,2020-11-07 18:33:16,5.38,-52.95,84.18,74,24,14.88,few clouds
530,Briancon,FR,2020-11-07 18:33:16,44.9,6.65,51.01,86,97,2.71,overcast clouds
531,Coaldale,CA,2020-11-07 18:30:02,49.72,-112.62,33.01,94,90,6.93,mist
532,Tazovskiy,RU,2020-11-07 18:33:17,67.47,78.7,27.91,99,100,6.76,light snow
533,Tourlaville,FR,2020-11-07 18:33:17,49.64,-1.57,57.0,87,0,8.05,clear sky
534,Wesselsbron,ZA,2020-11-07 18:33:17,-27.85,26.37,78.37,23,0,5.19,clear sky
535,Cotui,DO,2020-11-07 18:33:17,19.05,-70.15,84.2,79,40,9.19,scattered clouds
536,Jijiga,ET,2020-11-07 18:33:17,9.35,42.8,65.98,74,18,3.67,light rain
537,Abu Zabad,SD,2020-11-07 18:33:17,12.35,29.25,77.5,20,100,9.1,overcast clouds
538,Neiafu,TO,2020-11-07 18:32:29,-18.65,-173.98,69.8,83,20,14.0,few clouds
539,Bismarck,US,2020-11-07 18:33:18,46.81,-100.78,35.6,54,90,10.29,overcast clouds
540,San Ramon,US,2020-11-07 18:30:28,37.78,-121.98,59.0,50,40,3.36,scattered clouds
541,Arinos,BR,2020-11-07 18:33:18,-15.92,-46.11,85.73,56,100,4.12,overcast clouds
542,Santa Vitoria Do Palmar,BR,2020-11-07 18:33:18,-33.52,-53.37,69.4,70,13,12.21,few clouds
543,Vila Franca Do Campo,PT,2020-11-07 18:33:18,37.72,-25.43,62.6,63,40,11.41,scattered clouds
544,Zhangjiakou,CN,2020-11-07 18:33:18,40.81,114.88,31.95,76,0,7.23,clear sky
545,Issaquah,US,2020-11-07 18:31:01,47.53,-122.03,42.01,93,90,4.7,overcast clouds
546,Novo Aripuana,BR,2020-11-07 18:33:19,-5.12,-60.38,91.8,50,90,3.27,overcast clouds
547,Calnali,MX,2020-11-07 18:33:19,20.92,-98.58,66.58,79,100,4.9,overcast clouds
548,Melukote,IN,2020-11-07 18:33:19,12.66,76.65,64.62,100,95,5.55,overcast clouds
549,Murgab,TM,2020-11-07 18:33:19,37.5,61.97,60.8,26,75,6.93,broken clouds
550,Cockburn Town,TC,2020-11-07 18:29:10,21.46,-71.14,78.8,88,40,16.11,scattered clouds
551,Balagansk,RU,2020-11-07 18:33:19,54.01,103.05,24.42,98,100,5.21,light snow
552,Jiwani,PK,2020-11-07 18:33:20,25.05,61.74,76.3,74,0,6.13,clear sky
553,Hay River,CA,2020-11-07 18:32:24,60.82,-115.8,-2.2,84,77,4.7,broken clouds
554,Guilin,CN,2020-11-07 18:33:20,25.28,110.29,59.0,87,0,2.24,clear sky
555,Alyangula,AU,2020-11-07 18:33:20,-13.85,136.42,71.6,94,99,4.7,overcast clouds
556,Nibbar,TN,2020-11-07 18:33:20,36.29,8.77,68.0,64,20,2.24,few clouds
557,Mount Isa,AU,2020-11-07 18:30:51,-20.73,139.5,77.0,13,52,11.41,broken clouds
558,Adre,TD,2020-11-07 18:33:21,13.47,22.2,75.02,26,17,5.21,few clouds
559,Khash,IR,2020-11-07 18:33:21,28.22,61.22,50.09,47,0,2.1,clear sky
560,Hofn,IS,2020-11-07 18:33:21,64.25,-15.21,41.31,79,99,10.98,overcast clouds
561,Mondlo,ZA,2020-11-07 18:33:21,-27.98,30.72,74.1,50,0,6.44,clear sky
562,Xacmaz,AZ,2020-11-07 18:33:21,41.46,48.81,51.89,69,100,2.62,overcast clouds
563,Madimba,TZ,2020-11-07 18:33:21,-10.4,40.33,78.8,78,20,5.82,few clouds
564,Sarangani,PH,2020-11-07 18:33:22,5.4,125.46,82.06,78,100,8.84,overcast clouds
565,Huilong,CN,2020-11-07 18:33:22,31.81,121.66,63.0,73,0,9.22,clear sky
566,Sinop,TR,2020-11-07 18:33:22,41.77,34.87,48.63,87,100,3.65,overcast clouds
567,Garoua Boulai,CM,2020-11-07 18:33:22,5.88,14.55,68.43,63,100,4.23,overcast clouds
568,Baculin,PH,2020-11-07 18:33:22,7.45,126.58,78.35,81,100,2.51,light rain
569,La Baule-Escoublac,FR,2020-11-07 18:33:22,47.29,-2.36,60.8,82,90,2.24,overcast clouds
570,Coahuayana,MX,2020-11-07 18:33:23,18.73,-103.68,80.6,61,20,5.88,few clouds
571,Denholm,CA,2020-11-07 18:33:23,52.65,-108.02,30.2,92,90,17.22,snow
572,Pipri,IN,2020-11-07 18:33:23,19.8,75.53,64.4,63,0,5.88,haze
573,Jeremoabo,BR,2020-11-07 18:33:23,-10.07,-38.48,83.32,60,2,11.86,light rain
574,Nakatsu,JP,2020-11-07 18:33:23,33.6,131.19,64.4,72,40,9.17,scattered clouds
575,Manadhoo,MV,2020-11-07 18:33:23,5.77,73.38,83.55,75,100,11.43,light rain
576,Assiniboia,CA,2020-11-07 18:33:24,49.63,-105.98,30.2,86,100,17.22,light rain
577,Baghdad,IQ,2020-11-07 18:29:13,33.34,44.4,71.6,46,0,9.17,clear sky
578,Tabou,CI,2020-11-07 18:33:24,4.42,-7.35,79.23,84,81,5.59,broken clouds
579,Warrnambool,AU,2020-11-07 18:33:24,-38.38,142.48,44.33,86,1,6.89,clear sky
580,Manakara,MG,2020-11-07 18:33:24,-22.13,48.02,72.88,86,53,9.22,broken clouds
581,Saint-Georges,GD,2020-11-07 18:33:24,12.06,-61.75,86.0,79,20,20.8,few clouds
582,Shache,CN,2020-11-07 18:33:24,38.42,77.24,34.18,80,0,3.56,clear sky
583,Tateyama,JP,2020-11-07 18:33:25,34.98,139.87,62.01,75,99,4.0,overcast clouds
584,Camacha,PT,2020-11-07 18:33:25,33.08,-16.33,68.0,77,40,8.05,scattered clouds
585,Laguna,US,2020-11-07 18:31:11,38.42,-121.42,57.99,54,1,2.91,clear sky
586,Alexandria,EG,2020-11-07 18:31:44,31.22,29.96,70.25,74,100,14.09,moderate rain
587,Burnie,AU,2020-11-07 18:33:25,-41.07,145.92,46.99,73,0,3.0,clear sky
588,Qaqortoq,GL,2020-11-07 18:29:06,60.72,-46.03,30.2,74,75,4.7,broken clouds
589,Kloulklubed,PW,2020-11-07 18:31:00,7.04,134.26,77.0,88,90,5.82,overcast clouds
590,Santa Rosa,PH,2020-11-07 18:33:21,14.31,121.11,75.2,88,90,8.05,moderate rain
591,Grand Gaube,MU,2020-11-07 18:33:26,-20.01,57.66,73.0,72,0,3.0,clear sky
592,Bilma,NE,2020-11-07 18:33:26,18.69,12.92,72.72,26,0,7.11,clear sky
593,Tuy Hoa,VN,2020-11-07 18:33:26,13.08,109.3,74.16,86,86,9.69,light rain
594,Ostashkov,RU,2020-11-07 18:33:26,57.15,33.11,43.93,93,7,10.0,clear sky
595,Zambrow,PL,2020-11-07 18:33:26,52.99,22.24,48.0,85,0,1.01,clear sky
596,Marrakesh,MA,2020-11-07 18:33:27,31.63,-8.01,71.6,49,20,5.82,few clouds
597,Ondjiva,AO,2020-11-07 18:33:27,-17.07,15.73,84.02,14,0,7.58,clear sky
598,Baykit,RU,2020-11-07 18:33:27,61.67,96.37,18.93,94,100,2.68,snow
599,Neiba,DO,2020-11-07 18:33:27,18.5,-71.42,82.4,78,40,13.87,light rain
600,Olhao,PT,2020-11-07 18:33:27,37.03,-7.84,64.4,88,20,6.93,few clouds
601,Tripoli,LY,2020-11-07 18:33:27,32.88,13.19,69.73,69,32,9.62,scattered clouds
602,Watertown,US,2020-11-07 18:32:19,42.37,-71.18,77.0,31,1,5.82,clear sky
603,Elbasan,AL,2020-11-07 18:33:28,41.11,20.08,51.8,76,0,4.7,clear sky
604,Voskresenskoye,RU,2020-11-07 18:33:28,56.84,45.43,36.95,89,87,7.16,overcast clouds
605,Tikrit,IQ,2020-11-07 18:33:28,34.61,43.68,70.07,40,0,8.12,clear sky
606,Sungaipenuh,ID,2020-11-07 18:33:28,-2.08,101.38,66.06,93,100,3.06,overcast clouds
607,Katherine,AU,2020-11-07 18:33:28,-14.47,132.27,78.8,65,3,4.7,clear sky
608,Derbent,RU,2020-11-07 18:33:28,42.07,48.29,52.93,69,100,4.38,light rain
609,Kostomuksha,RU,2020-11-07 18:33:28,64.57,30.58,36.99,76,0,14.83,clear sky
610,Aleksandrov Gay,RU,2020-11-07 18:33:29,50.15,48.57,41.2,74,96,15.08,overcast clouds
611,Christchurch,NZ,2020-11-07 18:33:29,-43.53,172.63,48.99,93,100,29.97,moderate rain
612,Likasi,CD,2020-11-07 18:33:29,-10.98,26.73,73.69,42,0,3.18,clear sky
613,Bukavu,CD,2020-11-07 18:33:29,-2.51,28.86,64.26,84,100,1.3,light rain
614,Berdigestyakh,RU,2020-11-07 18:33:29,62.1,126.7,-3.96,89,100,6.42,overcast clouds
615,Matanzas,CU,2020-11-07 18:33:29,23.04,-81.58,78.8,78,75,10.29,broken clouds
616,Mnogovershinnyy,RU,2020-11-07 18:33:29,53.94,139.92,16.43,96,99,4.97,light snow
617,Flinders,AU,2020-11-07 18:33:30,-34.58,150.86,54.0,86,63,7.14,broken clouds
618,Mafinga,TZ,2020-11-07 18:33:30,-7.25,35.07,75.22,43,0,6.71,clear sky
619,Sibenik,HR,2020-11-07 18:33:30,43.73,15.91,57.2,71,0,5.82,clear sky
620,Hobyo,SO,2020-11-07 18:33:30,5.35,48.53,79.84,77,5,10.89,clear sky
621,Bonavista,CA,2020-11-07 18:33:30,48.65,-53.11,51.01,70,100,14.99,overcast clouds
622,Ambon,ID,2020-11-07 18:33:30,-3.7,128.18,75.99,16,97,9.62,overcast clouds
623,Alice Springs,AU,2020-11-07 18:31:27,-23.7,133.88,62.6,21,0,5.82,clear sky
624,Coos Bay,US,2020-11-07 18:33:31,43.37,-124.22,48.0,93,90,5.82,overcast clouds
625,Bom Jesus,BR,2020-11-07 18:33:31,-9.07,-44.36,86.41,58,7,8.1,light rain
626,Miles City,US,2020-11-07 18:33:31,46.41,-105.84,37.4,86,20,10.29,mist
627,Spas-Klepiki,RU,2020-11-07 18:33:31,55.13,40.18,37.02,88,0,4.0,clear sky
628,Kosh-Agach,RU,2020-11-07 18:33:31,50.0,88.67,16.81,89,4,1.21,clear sky
629,Pontianak,ID,2020-11-07 18:33:31,-0.03,109.33,77.4,88,100,3.09,overcast clouds
630,Katesh,TZ,2020-11-07 18:33:31,-4.52,35.38,64.58,56,0,8.84,clear sky
631,Dawlatabad,AF,2020-11-07 18:33:32,36.41,64.91,57.97,40,27,2.91,scattered clouds
632,Tabas,IR,2020-11-07 18:33:32,33.6,56.92,64.4,15,100,6.93,overcast clouds
633,Stephenville,US,2020-11-07 18:33:32,32.22,-98.2,73.4,49,1,10.07,clear sky
634,Mishelevka,RU,2020-11-07 18:33:32,52.86,103.17,25.03,94,93,2.42,overcast clouds
635,Ulladulla,AU,2020-11-07 18:33:32,-35.35,150.47,55.4,71,90,4.7,overcast clouds
636,Burns Lake,CA,2020-11-07 18:33:32,54.23,-125.75,26.6,68,0,5.82,clear sky
637,Kanalion,GR,2020-11-07 18:33:33,39.61,19.89,62.01,77,0,5.95,clear sky
638,Lomza,PL,2020-11-07 18:33:33,53.18,22.06,46.99,85,0,1.01,clear sky
639,Atar,MR,2020-11-07 18:33:33,20.52,-13.05,98.6,35,100,10.58,overcast clouds
640,Goderich,CA,2020-11-07 18:33:33,43.75,-81.72,60.8,59,100,16.11,overcast clouds
641,Manggar,ID,2020-11-07 18:33:33,-2.88,108.27,80.42,80,92,4.25,moderate rain
642,Arlit,NE,2020-11-07 18:33:33,18.74,7.39,79.38,20,0,17.98,clear sky
643,Wahpeton,US,2020-11-07 18:33:33,46.27,-96.61,44.6,81,1,4.7,clear sky
644,Nisia Floresta,BR,2020-11-07 18:33:34,-6.09,-35.21,87.8,62,40,21.92,scattered clouds
645,Nampula,MZ,2020-11-07 18:33:34,-15.12,39.27,84.0,61,0,16.11,clear sky
646,Lufilufi,WS,2020-11-07 18:33:34,-13.87,-171.6,78.8,94,75,15.86,broken clouds
647,Santa Cruz,BO,2020-11-07 18:30:03,-17.8,-63.17,102.2,27,0,13.87,smoke
648,Morris,US,2020-11-07 18:33:02,40.83,-74.53,77.0,38,5,4.7,clear sky
649,Marsaxlokk,MT,2020-11-07 18:33:34,35.84,14.54,66.0,77,20,8.05,few clouds
650,Bolivar,US,2020-11-07 18:33:34,37.61,-93.41,75.0,51,0,12.33,clear sky
651,Andenes,NO,2020-11-07 18:33:35,69.31,16.12,37.4,64,100,32.21,overcast clouds
652,Salto,UY,2020-11-07 18:31:23,-31.38,-57.97,82.4,45,40,13.87,scattered clouds
653,Aklavik,CA,2020-11-07 18:33:35,68.22,-135.01,28.4,63,75,6.93,broken clouds
654,Sayville,US,2020-11-07 18:33:35,40.74,-73.08,73.4,40,20,6.93,few clouds
655,Visnes,NO,2020-11-07 18:33:35,59.36,5.22,46.99,100,56,3.36,broken clouds
656,Kanakapura,IN,2020-11-07 18:32:49,12.55,77.42,71.6,100,40,2.24,scattered clouds
657,Tsirguliina,EE,2020-11-07 18:33:35,57.86,26.19,48.99,93,100,13.87,mist
658,Abrau-Dyurso,RU,2020-11-07 18:33:36,44.69,37.59,51.8,71,42,8.95,scattered clouds
659,Colares,PT,2020-11-07 18:31:44,38.8,-9.45,63.0,88,75,13.87,broken clouds
660,Cocorit,MX,2020-11-07 18:33:36,27.58,-109.97,84.2,51,20,16.11,few clouds
661,Bonanza,NI,2020-11-07 18:33:36,14.03,-84.59,92.16,46,89,4.07,overcast clouds
662,Leh,IN,2020-11-07 18:33:36,34.17,77.58,29.35,61,0,4.0,clear sky
663,Kilindoni,TZ,2020-11-07 18:33:36,-7.91,39.67,80.89,79,2,13.11,clear sky
664,Preobrazheniye,RU,2020-11-07 18:33:36,42.9,133.91,40.21,66,0,4.56,clear sky
665,Tignere,CM,2020-11-07 18:33:37,7.37,12.65,68.45,52,39,1.39,scattered clouds
666,Kodinsk,RU,2020-11-07 18:33:37,58.69,99.18,27.61,98,100,3.56,light snow
667,Nadym,RU,2020-11-07 18:33:37,65.53,72.52,32.22,99,100,3.58,overcast clouds
668,Poopo,BO,2020-11-07 18:33:37,-18.37,-66.97,63.9,27,52,20.98,broken clouds
669,Saravena,CO,2020-11-07 18:33:37,6.95,-71.88,84.43,75,72,1.41,moderate rain
670,Roswell,US,2020-11-07 18:31:21,34.02,-84.36,73.0,73,90,6.93,overcast clouds
671,Bam,IR,2020-11-07 18:32:34,29.11,58.36,63.3,27,0,8.66,clear sky
672,Tamandare,BR,2020-11-07 18:33:38,-8.76,-35.1,80.76,76,20,13.38,few clouds
673,Forio,IT,2020-11-07 18:33:38,40.73,13.86,62.6,67,5,5.82,clear sky
674,Behshahr,IR,2020-11-07 18:33:38,36.69,53.55,63.12,84,100,7.05,light rain
675,Mayo,US,2020-11-07 18:33:38,38.89,-76.51,75.0,77,1,9.17,clear sky
676,Xianshuigu,CN,2020-11-07 18:33:38,38.98,117.38,48.2,19,0,13.42,clear sky
677,Keti Bandar,PK,2020-11-07 18:33:39,24.14,67.45,78.08,52,0,5.73,clear sky
678,Winton,US,2020-11-07 18:33:39,37.39,-120.61,52.0,100,75,6.29,mist
679,Montbrison,FR,2020-11-07 18:33:39,45.67,4.08,62.6,51,0,16.11,clear sky
680,San Felipe,VE,2020-11-07 18:33:39,10.34,-68.74,82.2,80,100,1.95,overcast clouds
681,Libertad,PH,2020-11-07 18:33:39,8.94,125.5,74.62,90,100,1.01,overcast clouds
682,Kieta,PG,2020-11-07 18:31:05,-6.22,155.63,78.17,78,3,2.42,clear sky
683,Cortez,US,2020-11-07 18:33:39,37.35,-108.59,57.2,44,90,17.22,overcast clouds
684,Sorong,ID,2020-11-07 18:33:40,-0.88,131.25,80.29,84,100,11.95,overcast clouds
685,Zhigansk,RU,2020-11-07 18:33:40,66.77,123.37,-15.92,88,72,5.35,broken clouds
686,Beyneu,KZ,2020-11-07 18:33:40,45.32,55.2,42.49,72,7,12.39,clear sky
687,Kinshasa,CD,2020-11-07 18:32:11,-4.32,15.32,84.2,66,20,3.36,few clouds
688,Verkhoyansk,RU,2020-11-07 18:33:40,67.54,133.38,-26.21,83,18,0.76,few clouds
689,Sabang,ID,2020-11-07 18:33:40,5.89,95.32,80.22,76,100,2.26,overcast clouds
690,Puro,PH,2020-11-07 18:33:40,12.48,123.38,77.4,86,100,12.66,overcast clouds
691,Hernani,ES,2020-11-07 18:30:07,43.27,-1.98,66.0,68,0,5.82,clear sky
692,Kununurra,AU,2020-11-07 18:29:31,-15.77,128.73,75.2,78,25,3.89,scattered clouds
693,Novyy Urgal,RU,2020-11-07 18:32:06,51.07,132.56,20.25,92,100,3.13,overcast clouds
694,Terney,RU,2020-11-07 18:32:07,45.05,136.61,34.41,85,0,5.03,clear sky
695,Huanan,CN,2020-11-07 18:33:41,46.22,130.52,31.39,89,100,4.52,light snow
696,Kulhudhuffushi,MV,2020-11-07 18:33:41,6.62,73.07,83.7,76,100,14.45,light rain
697,Marand,IR,2020-11-07 18:33:42,38.43,45.77,46.4,93,90,4.7,thunderstorm
698,Poya,NC,2020-11-07 18:33:42,-21.35,165.15,72.72,78,42,5.86,scattered clouds
699,Kayes,ML,2020-11-07 18:33:42,14.0,-11.0,98.6,29,0,6.93,clear sky
700,Luneville,FR,2020-11-07 18:29:19,48.6,6.5,60.8,93,100,0.94,overcast clouds
701,Karsava,LV,2020-11-07 18:33:42,56.78,27.69,48.43,95,98,13.76,light rain
702,Manuk Mangkaw,PH,2020-11-07 18:33:42,4.8,119.85,82.38,76,99,10.04,overcast clouds
703,Naze,JP,2020-11-07 18:33:43,28.37,129.48,75.2,94,75,9.17,light rain
704,Havelock,US,2020-11-07 18:33:43,34.88,-76.9,79.0,64,1,13.87,clear sky
705,Srandakan,ID,2020-11-07 18:33:43,-7.94,110.25,77.38,81,31,1.61,scattered clouds
706,Pafos,CY,2020-11-07 18:33:43,34.77,32.42,69.8,43,20,10.29,few clouds
707,Ovalle,CL,2020-11-07 18:33:43,-30.6,-71.2,79.32,32,0,10.38,clear sky
708,Mahajanga,MG,2020-11-07 18:33:43,-15.72,46.32,80.6,78,20,5.82,few clouds
709,Havoysund,NO,2020-11-07 18:33:44,71.0,24.66,33.8,86,100,47.2,light rain
710,Gazanjyk,TM,2020-11-07 18:33:44,39.24,55.52,53.42,73,85,6.71,overcast clouds
711,Camana,PE,2020-11-07 18:33:44,-16.62,-72.71,64.56,74,98,4.54,overcast clouds
712,Vilyuysk,RU,2020-11-07 18:33:44,63.76,121.62,-9.72,90,79,4.56,broken clouds
